key	split	raw_name
test__1000018_www.davidsonday.org	test	1000018_www.davidsonday.org
test__1000069_www.qpsisbest.com_	test	1000069_www.qpsisbest.com_
test__1000279_www.concretepavements.org	test	1000279_www.concretepavements.org
test__1000416_.	test	1000416_.
test__1000691_www.Wachesaw.com	test	1000691_www.Wachesaw.com
test__1000782_www.caval.edu.au_	test	1000782_www.caval.edu.au_
test__1000831_www.securimart.com.mx	test	1000831_www.securimart.com.mx
test__1000843_www.redseed.com	test	1000843_www.redseed.com
test__1000846_rev-a-shelf.com_	test	1000846_rev-a-shelf.com_
test__1000915_n_a	test	1000915_n_a
test__1001004_www.shawaust.com.au	test	1001004_www.shawaust.com.au
test__1001055_itp.ac.ru_~grigorev_	test	1001055_itp.ac.ru_~grigorev_
test__1001107_www.izon.com	test	1001107_www.izon.com
test__1001143_www.vannisrl.com	test	1001143_www.vannisrl.com
test__1001157_www.mylius.it	test	1001157_www.mylius.it
test__1001189_www.alcegraphics.com	test	1001189_www.alcegraphics.com
test__1001253_www.linkedin.com_redir_suspicious-page_url=http%3A%2F%2Fwww%2egenesis-recruitment%2ecom	test	1001253_www.linkedin.com_redir_suspicious-page_url=http%3A%2F%2Fwww%2egenesis-recruitment%2ecom
test__1001264_www.home.com	test	1001264_www.home.com
test__1001895_www.tcprecision.com	test	1001895_www.tcprecision.com
test__1002104_www.hereditas.org	test	1002104_www.hereditas.org
test__1002138_www.electropainting.com	test	1002138_www.electropainting.com
test__1002255_www.exosomedx.com	test	1002255_www.exosomedx.com
test__1002327_www.berce.com.tr	test	1002327_www.berce.com.tr
test__1002422_www.redpat.tv	test	1002422_www.redpat.tv
test__1002493_www.stunlockstudios.com	test	1002493_www.stunlockstudios.com
test__1002551_www.ndse.net_	test	1002551_www.ndse.net_
test__1002701_www.rm-rehab.com	test	1002701_www.rm-rehab.com
test__1002978_www.selethulling.com	test	1002978_www.selethulling.com
test__1002998_www.petbathusa.com	test	1002998_www.petbathusa.com
test__1003001_kim.reverealtors.com	test	1003001_kim.reverealtors.com
